,Bird,Carrion,Egg,Fish,Fruit,Hard Invert,Herptile,Large Mammal,Plant,Root,Seed,Small Mammal,Soft Invert
Daphoenus,2.363786,1.914856,1.579682,1.842846,2.4505845,2.69988375,2.192888,1.7275,1.7164025,1.14675,1.26073,2.91541575,1.63967
Dinictis,2.533719,1.9748475,1.666184,1.774142,2.095126,1.845575,2.0564905,3.305875,1.494055,1.05825,1.12653,3.177128,1.572612
Hoplophoneus_primaevus,2.5639805,1.9638285,1.4525955,1.72106,1.995208,1.92380125,2.1025435,3.1845125,1.351955,1.051,1.06262875,3.3903575,1.508034
Miacis,2.122801,1.789951,1.660404,1.475676,2.548464,3.43165325,2.409774,1.0613375,1.6510925,1.17925,1.32558875,2.7858975,2.308254
Promartes_lepidus,2.6909965,1.8529855,1.670444,1.512152,2.4434585,2.84973825,2.346747,1.22095,1.6015525,1.12,1.28971375,3.45760225,2.13204
Smilodon_californicus_PM_3702,2.0247755,2.263756,1.9370575,2.06465,2.197297,1.7407645,2.260984,3.9212625,1.48615,1.0805,1.1564875,1.9994475,1.395112
Tomarctus,2.399525,1.895132,1.653413,1.833529,2.467913,2.43069775,2.0854585,2.073475,1.812305,1.121,1.3043475,2.98857075,1.720094
Ursus_spelaeus,1.7256905,1.6177625,1.4531625,2.598813,1.7940985,1.8884315,1.1282175,2.79945,2.937165,1.623,1.85093,2.5172165,2.291936